;x;y;x;y;MODULUS GPa;MODULUS GPa;HARDNESS GPa;HARDNESS GPa;HARDNESS HV;HARDNESS HV;STIFFNESS N/m;STIFFNESS N/m;S2overP;S2overP;MODULUS GPa;MODULUS GPa;MODULUS GPa;MODULUS GPa;HARDNESS GPa;HARDNESS GPa;HARDNESS GPa;HARDNESS GPa;S2overP;S2overP;S2overP;S2overP;LoadUnloadAnalysis;LoadUnloadAnalysis;LoadUnloadAnalysis;LoadUnloadAnalysis;LoadUnloadAnalysis;LoadUnloadAnalysis;LoadUnloadAnalysis;LoadUnloadAnalysis
;absolut;absolut;real;real;mean;std;mean;std;mean;std;mean;std;mean;std;Intercept;Coefficient;Slope%;R2_Score;Intercept;Coefficient;Slope%;R2_Score;Intercept;Coefficient;Slope%;R2_Score;Loading_A;Loading_n;Unloading_A;Unloading_n;hf;Area_Load;Area_Unload;Energy_Dissipated
Indent 1;0;0;0;0;205,6576624;5,502171607;4,88004524;0,360845533;461,1642752;34,0999029;301214,9103;51256,27611;9321073039;317613540,1;232,0599447;-0,091762359;-8,871907982;0,924025033;6,676865018;-0,006244931;-25,4449221;0,995028297;7859159104;5080949,817;10,83867887;0,850187382;0,001453698;1,55585656;0,001843732;2,161945915;342,5334413;2520,551036;367,8726849;2152,678351
Indent 2;0;4,001;0,292;4,144;177,426046;2,211834047;2,955731738;0,076446124;279,3166493;7,224158739;278935,647;53689,85223;11970368884;469600307,7;171,5437992;0,020053076;2,259220185;0,274882508;3,318632866;-0,001237161;-8,366734612;0,875853335;9831596725;7291254,834;12,17558056;0,80619109;0,000376694;1,718152413;5,98312E-05;3;349,5994212;1641,985104;204,0500357;1437,935068
Indent 3;0;8,001;0,592;8,147;169,483506;1,66659914;3,25671926;0,186435294;307,7599701;17,61813525;265843,6515;50234,11373;10069318901;635753429,1;165,9649922;0,012003743;1,409517284;0,167042747;4,183502606;-0,003161809;-19,32130672;0,926129273;6874641565;10898944,67;21,54098218;0,946341772;0,00111926;1,540609499;4,46542E-05;3;341,7534861;1791,728949;221,695273;1570,033676
Indent 4;0;12,001;1,059;12,183;215,1310001;6,167497079;4,874912727;0,323718383;460,6792527;30,59138724;311978,8009;52117,76317;10048640026;270496483,1;244,439787;-0,102409283;-9,444651232;0,90150671;6,492880574;-0,005653422;-23,00880792;0,99723205;8953531139;3826474,148;7,555115212;0,654308468;0,001198462;1,590314745;9,38836E-05;2,815607253;334,4593543;2514,325986;355,0433788;2159,282607
Indent 5;0;16,002;1,392;16,119;195,9724637;8,785983411;3,611095864;0,093726809;341,2485592;8,857183425;300076,3972;65692,64965;11583257681;590926953,8;152,836186;0,148573673;15,14941566;0,923504292;3,152664288;0,001578969;8,737431301;0,916549091;8757560368;9732509,433;16,78970977;0,876028069;0,000123536;1,948097193;5,54857E-05;3;343,011119;1972,826745;282,3289281;1690,497817
Indent 6;0;20,003;1,693;19,988;180,16128;2,817664323;3,282772779;0,148592246;310,2220276;14,04196728;278820,8108;49357,88306;11065570183;310336376;191,6961398;-0,039541084;-4,384864856;0,652927357;4,029002854;-0,00255805;-15,56815952;0,982589062;9738943412;4547628,789;8,210702341;0,711952256;0,000540264;1,669140833;5,77653E-05;3;349,6851989;1784,235282;218,3835113;1565,851771
Indent 7;0;24,003;2,059;24,057;172,2788614;2,451504202;3,178809217;0,111015672;300,397471;10,49098099;270723,6017;52586,32171;10592051487;559926314,2;163,2568067;0,03074604;3,537060312;0,513870963;3,706599099;-0,001798642;-11,21413025;0,857554998;7896589545;9185798,879;17,18787238;0,879251458;0,000486912;1,683742289;0,001011272;2,334300957;349,0234432;1730,696082;221,0599273;1509,636154
Indent 8;0;28,004;2,56;27,793;179,2545756;2,399270039;3,822484631;0,208854519;361,2247977;19,73675208;275388,4755;50100,16669;9431344211;402436757,6;186,1245917;-0,023521948;-2,618476592;0,315420605;4,857399934;-0,003543401;-18,49780732;0,944614644;7494004825;6633171,573;14,03438231;0,891556651;0,001029185;1,580246277;0,000132656;2,675839345;332,4094615;2061,881992;287,5791508;1774,302841
Indent 9;0;32,004;2,86;32,029;179,3527188;3,252620215;3,032101685;0,073909826;286,5336092;6,984478513;282168,0186;56533,63907;11887978464;566494393,4;166,3538229;0,044221259;4,917604325;0,625601058;3,354632919;-0,001097227;-7,217438577;0,745916918;9168035104;9253041,332;15,52411786;0,902983354;0,000338935;1,741127869;6,46013E-05;3;352,0851864;1678,373735;199,1456345;1479,228101
Indent 10;0;36,005;3,094;35,932;187,4150905;5,010525949;3,381150745;0,038587551;319,5187454;3,646523592;291618,2844;60110,72857;11479962760;509347067,8;164,8733149;0,076807658;8,114971652;0,779180215;3,395573131;-4,91421E-05;-0,287790219;0,005377843;9098709408;8113757,157;13,99486027;0,841418179;0,000211896;1,841747124;0,001008694;2,331912405;346,1633196;1832,005207;263,8452896;1568,159918
Indent 11;0;40,005;3,527;39,935;195,6737617;2,180434669;3,550994847;0,052412216;335,569013;4,952954438;296074,1203;56202,68966;11754741940;216344583,3;190,8777809;0,016650772;1,69209661;0,190570824;3,609339366;-0,000202562;-1,13430631;0,048811573;11068304675;2383185,263;4,031513075;0,396549458;0,000206526;1,852707472;8,96107E-05;2,793817357;340,0156863;1906,326261;265,6470056;1640,679256
Indent 12;0;44,006;3,827;44,104;202,6809952;1,94442588;3,604903501;0,116645032;340,6633809;11,02295554;308860,0803;58372,13573;12297622986;510273183,4;198,6053073;0,013974211;1,3757713;0,168416383;4,193601465;-0,002018454;-11,17267709;0,976377723;9868494176;8328694,104;13,51411865;0,868682131;0,000495048;1,702257667;0,002136316;2,186394401;353,9125345;1966,015058;250,719603;1715,295455
Indent 13;4;44,006;7,73;43,871;192,9224404;1,814232418;3,217303626;0,102408069;304,0351926;9,677562506;297709,2909;55261,8132;12678470090;430505600,3;193,8096708;-0,003037807;-0,314327427;0,00924448;3,732238195;-0,001763095;-10,93927584;0,977307333;10735354617;6653074,506;10,47515198;0,787471822;0,000457945;1,697523885;6,84008E-05;3;356,4703585;1772,36041;209,6256773;1562,734733
Indent 14;4;40,005;7,396;39,768;195,1921149;1,976166736;3,365866823;0,035947011;318,0744148;3,396992569;301708,0636;57293,35561;12350188444;260332340,8;189,3618215;0,01986326;2,033936978;0,335389642;3,472687483;-0,000363928;-2,161064236;0,340252186;11341986496;3434848,905;5,558828771;0,57790281;0,000284562;1,789964185;6,34977E-05;3;348,19594;1862,717096;245,29989;1617,417206
Indent 15;4;36,004;7,196;36,099;;;;;;;;;;;;;;;;;;;;;;;;;;;;;;
Indent 16;4;32,004;6,896;32,196;207,2236142;6,051987768;3,977214316;0,222591968;375,8467528;21,03494097;307688,9542;50885,11682;11562393971;183741475,2;236,6213905;-0,102113636;-9,838611084;0,942146731;5,086021445;-0,003851459;-19,33461695;0,990783369;11050943414;1776531,516;3,067711042;0,309370274;0,000585872;1,6845595;0,00176427;2,23726989;355,861004;2100,762345;253,5710714;1847,191273
Indent 17;4;28,004;6,562;28,227;187,8563692;1,655083788;3,582312051;0,102442022;338,5284888;9,680771112;286943,3893;53340,25186;10883105668;320842582,9;189,9352135;-0,007165896;-0,761523646;0,061896856;4,085461713;-0,001734386;-9,665428603;0,946460955;9549666296;4596441,949;8,431556884;0,677683886;0,000362053;1,754097732;0,001348256;2,276560146;350,2552687;1927,793593;267,6202274;1660,173365
Indent 18;4;24,003;6,229;24,224;176,7702237;3,00679154;3,00245899;0,051454976;283,7323746;4,862495207;278107,9423;55197,74797;11708275686;511854318,5;162,9539826;0,047106165;5,312866775;0,814817528;3,24179954;-0,000816026;-5,418603012;0,834958728;9224240456;8469262,5;14,42158336;0,908887128;0,000314158;1,752804812;5,74739E-05;3;349,2916208;1660,359792;207,5784588;1452,781333
Indent 19;4;20,003;5,862;20,255;174,0249198;1,44421933;3,227530938;0,134353792;305,0016736;12,69643336;270558,4606;50077,53516;10611440745;411190611,4;176,6497576;-0,009010209;-1,031343147;0,128621799;3,90399471;-0,002322079;-14,33132304;0,987109126;8645381332;6748838,534;12,66876967;0,890190251;0,000482203;1,686097051;4,70284E-05;3;344,2760015;1743,48835;221,4480969;1522,040253
Indent 20;4;16,002;5,662;16,386;163,694653;1,397877065;2,817236719;0,132033547;266,22887;12,47717016;259647,4612;48035,40767;10949263727;546960291,5;162,534406;0,003957992;0,4816175;0,025586384;3,486272896;-0,002282307;-16,13661861;0,953622591;8217522107;9318887,853;16,95278195;0,926432001;0,000724163;1,593973815;5,34922E-05;3;348,8236544;1566,608813;176,3882461;1390,220567
Indent 21;4;12,001;5,262;12,35;177,6876778;2,876584956;3,560613329;0,217921281;336,4779595;20,59356104;271404,0519;47541,01113;9975981795;380824064,1;191,1681889;-0,046661239;-5,233639245;0,857091231;4,661068535;-0,003809099;-21,32074096;0,995208781;8146186175;6333627,097;12,65323788;0,901000737;0,0007008;1,633710113;4,81055E-05;3;345,3166922;1885,436616;231,9072561;1653,52936
Indent 22;4;8,001;4,961;8,414;168,6761481;1,678037027;2,976451059;0,102680498;281,274625;9,7033071;266551,4161;50578,70882;10903631075;451539331;165,8686965;0,009558008;1,130629636;0,108080671;3,480523852;-0,001716123;-11,50419613;0,930544487;8747985652;7338924,879;13,42975046;0,880014936;0,000485073;1,673697969;5,82743E-05;3;350,3359073;1644,396923;193,8317181;1450,565205
Indent 23;4;4,001;4,528;4,544;192,0700007;5,191049938;3,378458528;0,053965093;319,2643309;5,099701268;300035,3899;61678,18674;11973775219;459014279,6;166,7270447;0,085784842;8,923551945;0,91101109;3,232221325;0,000495007;2,927381372;0,280678681;9839735934;7223633,353;12,05344897;0,826174842;0,000185365;1,866283769;4,46995E-05;3;338,667183;1865,811929;268,7442717;1597,067657
Indent 24;4;0;4,194;0,608;180,8561305;1,639784811;3,538733835;0,067485023;334,4103474;6,377334632;278207,1463;52755,10415;10326384087;312725104,4;176,691285;0,014331635;1,581157754;0,249341537;3,876771338;-0,00116322;-6,558832274;0,969807479;8924914513;4822591,919;9,318477014;0,776269298;0,000329285;1,769072697;4,21445E-05;2,999998016;338,9425679;1905,484386;269,6314436;1635,852942
Indent 25;8,001;0;7,997;0,141;171,6036058;3,657779114;2,993946593;0,080566661;282,927953;7,6135495;272826,0197;54952,89995;11168749912;656313474,9;154,123671;0,059168808;6,844328714;0,860507083;3,358712049;-0,001234715;-8,186289804;0,772371887;7881336479;11127749,36;19,77730995;0,945356892;0,000424426;1,69948939;5,88381E-05;3;346,2346805;1653,376671;211,2676688;1442,109003
Indent 26;8,001;4,001;8,33;3,711;202,7490817;3,208543376;4,383763985;0,267324379;414,2656966;25,26215379;302293,6819;54145,8453;10129921739;410073431,1;216,3686705;-0,047015488;-4,600001574;0,714677183;5,710807247;-0,004581018;-20,72959398;0,977441518;8201253356;6657857,759;13,03780107;0,877383799;0,001207133;1,574126545;0,001036168;2,287776524;341,1980445;2317,888594;329,7124064;1988,176188
Indent 27;8,001;8,001;8,664;7,646;225,5783951;4,416534782;5,486097265;0,248833243;518,4361915;23,51474149;326475,1928;56704,34865;9647530221;206601289,2;245,9448038;-0,070319633;-6,22845623;0,840791489;6,727014576;-0,004284548;-15,60424666;0,983312585;8903408653;2569248,066;5,320974915;0,512913869;0,000952314;1,651964575;4,06782E-05;3;331,8487955;2853,766698;453,6482379;2400,11846
Indent 28;8,001;12,002;8,964;11,382;203,0284754;4,930698832;3,60477791;0,042882901;340,6515125;4,052434136;310472,2303;62919,07966;12316977220;373783765,3;179,6330901;0,080111125;7,835498918;0,862737125;3,396425598;0,000713446;3,93018702;0,904614137;10657575392;5682169,626;9,160956717;0,755261406;0,000154598;1,908218959;5,98654E-05;3;344,1972374;1951,940237;265,8382467;1686,10199
Indent 29;8,001;16,002;9,331;15,485;211,7825325;6,15913115;5,259876794;0,462992428;497,058357;43,75278444;308607,5474;52141,46542;9094399311;410312269,2;241,1274222;-0,101562959;-9,544385778;0,898269529;7,571740017;-0,008001382;-30,27556142;0,986636332;7167566513;6668787,759;14,59404401;0,872649133;0,001762016;1,532999299;0,00251433;2,097413993;344,0970763;2690,194983;393,6064919;2296,588491
Indent 30;8,001;20,003;9,698;19,454;163,9797021;3,483659714;3,002003043;0,040117548;283,6892876;3,791108306;258480,5319;52514,28051;10291016300;490521003,8;148,5678701;0,052849093;6,427015404;0,76082268;3,181559924;-0,000615723;-4,090120384;0,778720677;7996448469;7868359,077;15,24711935;0,850614831;0,000236615;1,800608005;9,56214E-05;2,843967747;345,8578936;1637,717589;221,9421723;1415,775417
Indent 31;8,001;24,003;9,965;23,424;164,4025473;2,316747614;2,943466335;0,117931123;278,1575687;11,14449111;261218,2594;51007,493;10557551041;598900232,4;155,6125881;0,029882979;3,61020728;0,547870597;3,510619529;-0,001928135;-13,01053431;0,880249174;7570436832;10155208,83;19,1047985;0,946796017;0,000455854;1,682077568;5,27203E-05;3;347,6736175;1606,954449;197,2333193;1409,72113
Indent 32;8,001;28,004;10,398;27,36;201,1247636;1,887893131;4,530129607;0,187233838;428,0972479;17,69359772;299532,6333;55445,79533;9661612147;346336990,1;206,0597164;-0,017048618;-1,685509558;0,271756432;5,46304087;-0,003222898;-14,14632005;0,987371629;8068354584;5504174,242;11,32791966;0,841671989;0,000736481;1,66637545;0,001323765;2,238995205;341,52196;2380,067128;354,9367194;2025,130409
Indent 33;8,001;32,004;10,632;31,396;167,2947595;2,519609919;3,326121528;0,070335012;314,3184844;6,646658629;260809,0844;51605,07275;9616638560;428918091,6;157,2688169;0,034452716;4,107207383;0,617591448;3,668442955;-0,001176339;-7,053419697;0,923937305;7617282172;6870501,899;14,24855021;0,847518459;0,000314024;1,766469083;3,4241E-05;3;335,3771548;1789,973053;253,035817;1536,937236
Indent 34;8,001;36,005;10,965;35,365;195,0283031;3,193240348;3,769643701;0,045629037;356,2313297;4,311944011;298440,5296;58230,36112;11014973163;401243948,5;181,3783603;0,046725527;4,762703855;0,688646523;3,973605457;-0,000698188;-3,681873203;0,753030886;9120709670;6484309,927;11,70246458;0,83996599;0,000328335;1,781857172;3,82909E-05;3;334,6962972;2034,737771;299,175736;1735,562035
Indent 35;8,001;40,005;11,299;39,434;200,4623457;4,297981125;3,293742683;0,05247235;311,2586835;4,958637078;310459,5093;60698,16928;13197109326;361906194,1;180,3075471;0,068533146;6,798772694;0,808036189;3,078721563;0,000731145;4,414447111;0,617026906;11840870942;4611670,156;6,949316356;0,516039472;0,000183207;1,865345383;0,000239648;2,696110185;348,0853675;1822,51575;248,335234;1574,180517
Indent 36;8,001;44,006;11,633;43,437;206,3412329;5,044488602;3,79853428;0,114341025;358,9614894;10,80522686;315246,3225;63314,23041;12009802512;194193070,9;181,8306277;0,083548022;8,058676605;0,891869524;3,215965456;0,001985772;10,40463632;0,980658649;11471718939;1834137,413;3,039552038;0,290041107;0,000132819;1,944714821;0,000130032;2,774522745;338,7800294;2079,032272;327,1075733;1751,924698
Indent 37;12,001;44,006;15,568;43,27;204,5560348;2,490596526;4,349762672;0,247392486;411,0525725;23,37858993;304708,2827;55540,81691;10361556297;447182034,1;214,3505936;-0,033853358;-3,307296228;0,614269796;5,585048381;-0,004269572;-19,61563495;0,990279957;8230178988;7366771,748;14,20809534;0,90229416;0,001059651;1,595935022;0,000177391;2,711877526;344,0161465;2319,812065;318,957994;2000,854071
Indent 38;12,001;40,005;15,268;39,368;194,1208164;3,810783877;3,145136077;0,043113113;297,2153593;4,074189211;303887,6868;59906,2777;13097227412;465930322,6;178,6470015;0,052337913;5,370739901;0,625921158;3,194996143;-0,000168644;-1,068125406;0,050773887;11151230270;6582050,446;10,01086635;0,66221029;0,000252237;1,801039885;7,87259E-05;2,912448017;344,4979983;1749,250912;223,9916224;1525,25929
Indent 39;12,001;36,005;14,868;35,498;199,9092612;2,618254353;3,325282174;0,04416484;314,2391655;4,173577393;307468,8359;59598,1641;13016374666;416053032,3;190,4323794;0,032412294;3,229142915;0,510219858;3,526600594;-0,000688538;-4,123915195;0,809214766;11200062848;6212046,659;9,505064862;0,742221504;0,000297436;1,78011265;8,49284E-05;2,910317695;346,4978132;1828,698094;236,4146901;1592,283404
Indent 40;12,001;32,004;14,568;31,763;204,297725;2,224486263;3,602009726;0,038388288;340,3899192;3,627693172;309308,329;56364,76118;12458007229;254695588,3;200,7610422;0,012194434;1,18233792;0,092033424;3,715445881;-0,000391126;-2,150877359;0,317920342;11701315221;2609063,641;4,148390232;0,321372162;0,000315677;1,78259745;6,37611E-05;3;349,8521033;1954,306362;249,4245083;1704,881853
Indent 41;12,001;28,004;14,268;27,693;196,2761225;1,865777026;3,986826437;0,131895996;376,7550983;12,46417161;296728,2818;57093,66198;10537421946;462778344,6;190,8266748;0,018789236;1,902062592;0,333805581;4,638864655;-0,002248173;-11,20432022;0,956293025;8325944102;7624989,148;14,37765345;0,893567234;0,000557065;1,696410997;0,000404264;2,513928212;342,9457352;2130,694786;309,4711742;1821,223612
Indent 42;12,001;24,003;13,967;23,824;188,6425666;3,51028781;3,371333241;0,040458244;318,5909913;3,823304099;293655,182;58374,26731;11641315034;404395371;172,7677329;0,05397541;5,704038205;0,7825898;3,453621982;-0,000279787;-1,654442479;0,158295304;9708968361;6570097,511;11,25112479;0,873693303;0,000248635;1,813316896;0,000322286;2,602418613;344,835618;1851,97055;258,1081859;1593,862364
Indent 43;12,001;20,003;13,567;19,755;174,2419563;2,401705528;3,327664832;0,069198424;314,4643266;6,539251075;270351,0073;52801,81827;10307535067;432100878,9;164,2064458;0,034527007;3,939170577;0,670273122;3,670431088;-0,001179282;-7,044927683;0,9419245;8224848334;7165448,967;13,81933627;0,891846229;0,000320625;1,763812642;0,0017636;2,190928964;348,5550174;1791,144351;241,8225495;1549,321802
Indent 44;12,001;16,002;13,234;15,985;180,9458036;3,648156477;3,245364901;0,044890451;306,6869832;4,24214765;283008,9392;56277,22062;11269424490;469164739,2;164,8025447;0,054999467;6,068279891;0,739549167;3,407240178;-0,000551503;-3,392656547;0,491116639;9001831879;7725601,469;13,68630463;0,882289032;0,000304455;1,771311541;5,13607E-05;3;342,8425515;1791,030847;245,6752461;1545,355601
Indent 45;12,001;12,002;12,933;12,049;195,1375433;5,604256804;3,446579521;0,062314862;325,7017647;5,888754451;300488,2539;61665,62178;12051862378;393983417,9;167,851905;0,09351054;9,518896873;0,902147642;3,137605047;0,001058886;6,102778893;0,935636956;10294897444;6021289,93;9,924354473;0,756860326;0,000154539;1,901491488;4,79444E-05;2,953542656;334,2898909;1879,789681;259,0234208;1620,76626
Indent 46;12,001;8,001;12,667;8,08;175,7911777;1,63570514;3,132716094;0,059362674;296,0416709;5,6097727;275370,9564;51832,01934;11110988956;289618441,7;174,0567735;0,005914873;0,672484863;0,043951202;3,410144618;-0,00094612;-6,036140584;0,853798671;9945872816;3973418,7;7,147361952;0,632653881;0,000326033;1,752477152;0,000339742;2,555033008;346,2870884;1724,055717;230,9000972;1493,15562
Indent 47;12,001;4,001;12,233;4,111;183,1001344;5,017326963;3,231124552;0,020748196;305,3412702;1,960704524;285475,9768;58229,00493;11546051024;508140638,1;158,8170563;0,083036099;9,056982587;0,881281742;3,186571721;0,000152349;0,941651207;0,173477053;9110315509;8329008,942;14,40671999;0,864459211;0,000233016;1,818165272;3,89247E-05;3;338,6335952;1788,204573;236,9362503;1551,268323
Indent 48;12,001;0;11,933;0,308;166,283739;3,425092018;3,058534141;0,10248346;289,0314763;9,684686962;262068,8783;52201,31141;10360874986;647585764,4;150,7352959;0,05319932;6,307839536;0,766220682;3,537700551;-0,001639478;-10,56857772;0,812811275;7100100954;11156805,86;21,23086954;0,942695351;0,000430155;1,698779858;0,000174266;2,688888611;342,4979732;1652,787901;214,2496511;1438,53825
Indent 49;16,002;0;15,769;-0,225;179,8965458;1,907566666;3,099983581;0,096676312;292,9484484;9,135911469;280694,8895;52660,37705;11686690501;416412442,4;178,6848165;0,004142784;0,456995766;0,01553138;3,567627378;-0,001598829;-10,23493701;0,900634299;9791966195;6477877,601;10,9997768;0,796898356;0,000450643;1,694000414;0,000330771;2,579903274;348,5530521;1698,672212;214,9858019;1483,68641
Indent 50;16,002;4,001;16,136;3,444;198,8350889;1,367277497;3,691897946;0,07502825;348,8843559;7,09016962;301655,1042;56576,0109;11618200845;270130993;198,6344451;0,000691146;0,069440714;0,000854495;4,057649972;-0,001259884;-6,817396069;0,942964414;10444169054;4044117,254;6,953804079;0,749518472;0,00031832;1,78284737;0,000201682;2,715561142;347,9142908;1991,00251;272,4992617;1718,503248
Indent 51;16,002;8,001;16,469;7,313;189,8809891;1,79672217;3,627364986;0,128272123;342,7859912;12,12171562;292011,9764;54271,2243;10948850585;381811075,2;190,9790198;-0,003751166;-0,394558419;0,014398925;4,259144232;-0,002158327;-11,88372024;0,935253002;9148198803;6151507,213;11,22120577;0,85748275;0,000517405;1,694461617;0,000491872;2,470882735;345,1765502;1967,982515;266,0968398;1701,885675
Indent 52;16,002;12,001;16,736;11,249;201,8857934;5,346580544;4,756286506;0,373707043;449,4690748;35,31531558;298175,9156;51261,98562;9276766884;356760588,5;227,342552;-0,088056348;-8,714949573;0,918775702;6,603652754;-0,006390143;-26,84432768;0,990373396;7606923242;5776082,291;12,44075387;0,8878782;0,001445927;1,552480241;0,000201681;2,65170117;342,0068286;2475,44143;354,016204;2121,425226
Indent 53;16,002;16,002;17,136;15,185;191,6441081;5,206889587;4,123402179;0,368061063;389,6615059;34,78177046;287483,7107;49322,21706;9815043820;458451797,7;216,4460315;-0,085796161;-8,909105705;0,922609232;5,936078043;-0,006270507;-30,26277006;0,986289391;7623574872;7580848,42;15,37047541;0,929152698;0,001856343;1,485940092;4,30833E-05;3;340,3646548;2179,619036;274,212334;1905,406702
Indent 54;16,002;20,003;17,403;19,188;181,0343307;1,296011068;3,277276426;0,06602445;309,7026223;6,239310542;280376,3025;52645,76912;11168233454;292012161,6;179,1514626;0,006461998;0,712492133;0,082149772;3,600539685;-0,001109438;-6,757162725;0,933011662;9863440033;4478046,942;8,003471059;0,777079768;0,000349971;1,746951941;4,72288E-05;3;342,1792631;1790,53187;232,5226995;1558,00917
Indent 55;16,002;24,003;17,67;23,057;215,7226853;7,492673372;5,794568955;0,465061628;547,5867662;43,94832383;307998,5636;50437,39916;8498312866;242727841,7;252,2580252;-0,127674718;-11,72595635;0,955440218;8,108607623;-0,008086533;-27,64906291;0,994880748;7457850997;3635950,175;8,476652762;0,738352869;0,001540644;1,570462292;0,008651545;1,828888921;343,144905;2886,059907;461,9740726;2424,085835
Indent 56;16,002;28,004;17,97;27,093;180,6344555;4,355149038;3,162059971;0,034006839;298,8146672;3,213646317;282708,3103;57089,5925;11533903634;565823421,5;159,5303101;0,072043755;7,968392;0,878170941;3,30450319;-0,000486262;-3,072381851;0,656146147;8721823997;9599667,349;16,6285665;0,923725546;0,000258766;1,795240724;4,57673E-05;3;343,0545244;1742,065673;218,0751516;1523,990522
Indent 57;16,002;32,004;18,337;30,995;207,1339347;3,799116428;4,685552006;0,362075691;442,7846645;34,2161528;306643,3838;53958,68433;9838099634;512469064,3;224,2574219;-0,059096855;-5,678977105;0,790421094;6,506626773;-0,006284923;-26,69907234;0,984228905;7358453795;8557793,622;17,31440602;0,910926429;0,001754511;1,517856348;0,000109549;2,750547438;334,5618372;2465,645021;340,5964566;2125,048565
Indent 58;16,002;36,004;18,704;34,965;208,2477575;3,208393193;3,481791779;0,191306299;329,0293231;18,07844521;313912,3936;55819,88685;13331709687;510754466,6;221,2133836;-0,044805084;-4,29532373;0,637961438;4,446090714;-0,003332311;-19,10696161;0,992538694;10978055872;8133479,672;12,17978091;0,829551654;0,000668728;1,642135745;0,00091247;2,393652685;352,275687;1891,578571;211,6891358;1679,889435
Indent 59;16,002;40,005;19,037;38,967;188,4377323;2,354884956;2,960684808;0,085682072;279,7847144;8,096955808;295948,473;56585,24589;13243689727;589414128,8;179,3706077;0,030751;3,262072954;0,554266053;3,36526689;-0,001372133;-9,264168026;0,833588797;10379143411;9715060,492;14,66353922;0,883057766;0,000425514;1,69823905;6,12109E-05;3;352,7420928;1658,761584;193,8429907;1464,918593
Indent 60;16,002;44,006;19,338;43,037;182,5733582;3,848740989;3,390680248;0,018877129;320,4192834;1,783888657;283445,0727;57243,35729;10947903289;376314513,8;164,4381961;0,062059462;6,768787064;0,858412954;3,354009393;0,00012549;0,736989003;0,145901897;9214991982;5930112,084;10,78629264;0,819863375;0,000210669;1,842655413;0,000365442;2,49158378;339,7284804;1847,198654;269,8234362;1577,375218
Indent 61;20,002;44,006;23,207;42,82;217,0919204;2,820804195;4,920475821;0,204012058;464,9849651;19,27913946;317650,9935;57188,10202;10099501049;292655884,5;228,0862273;-0,038088218;-3,484126789;0,599266877;5,944864652;-0,00354885;-14,32278555;0,994599972;8837390314;4372403,718;8,597403281;0,733687037;0,000748152;1,677163443;0,001262802;2,236207097;339,1082045;2561,091917;393,9269602;2167,164957
Indent 62;20,002;40,005;22,873;38,934;223,6523855;1,962937855;3,957044467;0,097779169;373,9407022;9,240131427;332555,6209;62344,82302;13184065586;348645690,1;225,8379146;-0,007542407;-0,673820631;0,049638794;4,430507951;-0,001633954;-8,250434019;0,938861253;11801538846;4771191,881;7,230784553;0,629650561;0,000309502;1,799575003;5,22603E-05;2,988862254;342,9069104;2127,021217;278,4980975;1848,523119
Indent 63;20,002;36,005;22,54;35,081;221,3222939;2,353942288;3,869645825;0,097718172;365,6815305;9,234367289;328371,7978;61831,5933;13248490946;244254105,7;214,6257238;0,023251343;2,090656245;0,314287921;3,528565921;0,001184273;6,090322441;0,47312518;13772753231;-1820305,35;-2,734245931;0,178907257;0,00016508;1,908939099;0,000662174;2,428825225;345,9084314;2096,937965;290,3989661;1806,538999
Indent 64;20,002;32,004;22,206;31,212;191,4272924;2,198059429;3,145505906;0,057549374;297,2503081;5,438415807;298656,6353;57117,28131;12792980374;410266788,2;184,4559592;0,023673606;2,469790286;0,387451038;3,393903723;-0,000843522;-5,355565871;0,717593271;11006281732;6067361,597;9,471694211;0,730523011;0,000339917;1,747738849;0,000479442;2,529389481;351,3649853;1749,805367;216,9260777;1532,879289
Indent 65;20,002;28,004;21,923;27,293;189,7806694;1,849534486;3,786008803;0,136412493;357,7778319;12,89098059;291318,4871;54625,70482;10483367170;430522489,9;186,8887513;0,009877324;1,040282156;0,092542649;4,437048903;-0,002223622;-11,7393285;0,86218806;8431020054;7009775,609;13,36494434;0,860210544;0,000581656;1,680894257;3,60651E-05;3;334,2799651;2056,294696;292,8353532;1763,459343
Indent 66;20,002;24,003;21,539;23,357;210,7746051;2,687088775;4,381417105;0,053993142;414,0439164;5,102351937;309680,4447;54518,15914;10788558480;202634118,9;218,7341419;-0,027798079;-2,616663613;0,335801195;4,418109956;-0,000128147;-0,580290212;0,017674877;11381629937;-2071257,071;-3,809096587;0,327838213;0,00027293;1,837570839;0,003078992;2,058956055;343,6202281;2301,664219;356,4889864;1945,175233
Indent 67;20,002;20,003;21,189;19,404;;;;;;;;;;;;;;;;;;;;;;;;;;;;;;
Indent 68;20,002;16,002;20,855;15,518;183,0960904;2,515220074;3,284347642;0,042750064;310,3708521;4,039881074;282115,2314;53330,28102;11360304526;366558779,6;173,3229852;0,033725133;3,579580568;0,551793632;3,479575155;-0,000673693;-3,986305143;0,762205389;9657366986;5876514,479;10,05280788;0,788812347;0,000317831;1,765129163;3,75878E-05;2,999999978;331,5110721;1739,681541;228,9990888;1510,682452
Indent 69;20,002;12,001;20,522;11,549;206,1608505;5,563338104;5,168403085;0,401338463;488,4140915;37,92648477;302132,5913;51689,94098;8840029117;323011559;232,8015533;-0,092054018;-8,922805445;0,921152714;7,156773656;-0,006870596;-26,56457633;0,986016718;7324207826;5237753,716;11,84012402;0,88464916;0,001501611;1,558809898;0,001136964;2,273260962;340,7553127;2664,633253;404,708717;2259,924536
Indent 70;20,002;8,001;20,172;7,63;184,662161;5,285980361;3,556867049;0,062340649;336,1239361;5,891191302;286272,3322;59049,18998;10637597059;358164852,1;158,708579;0,088662432;9,578296347;0,916102717;3,266360221;0,000992427;5,566184384;0,825221819;8970492667;5695149,524;10,68041522;0,823304162;0,000154545;1,905277719;0,000216735;2,617664469;337,1978145;1933,959988;300,5958335;1633,364155
Indent 71;20,002;4,001;19,921;3,744;183,7217912;5,249998956;3,845479112;0,445454745;363,3977761;42,09547344;281145,0712;47602,98303;9834778530;671886437,3;208,9038255;-0,086100721;-9,311740182;0,902242078;6,049717438;-0,007536584;-38,94115262;0,960217923;6525146763;11316070,69;22,86208322;0,951540972;0,003494748;1,363733516;0,000416083;2,529646749;349,9306162;2072,507884;239,3394577;1833,168427
Indent 72;20,002;0;19,521;-0,075;182,7556394;2,479628648;3,187124528;0,057278219;301,1832679;5,412791736;284028,2399;54903,657;11673366249;448695749,8;172,862046;0,033904257;3,702966351;0,6080557;3,467508149;-0,000960844;-6,01755549;0,915239603;9578536123;7178752,627;12,27493481;0,832534519;0,00032671;1,755264529;5,04608E-05;3;343,9469575;1752,973646;214,2773312;1538,696315
Indent 73;24,003;0;23,34;-0,492;222,1401542;5,343977472;5,481426547;0,351762195;517,9948087;33,24152742;319571,5652;53853,01907;9424720634;280190641,8;248,0659354;-0,090207581;-8,082014543;0,911591133;7,260425132;-0,006189945;-22,47485244;0,990646037;8169283782;4368235,661;9,224465952;0,77758544;0,001199624;1,608737609;0,005327626;1,943405831;348,0628599;2799,962325;422,9364771;2377,025848
Indent 74;24,003;4,001;23,674;3,093;181,9101067;1,890275142;3,223805694;0,084266309;304,6496381;7,963166158;282787,0697;53829,98426;11452178731;428715333,8;177,4451008;0,015279606;1,678501188;0,215062311;3,645680976;-0,001443691;-8,948941362;0,966118713;9464457163;6802141,612;11,86926628;0,828596965;0,000376842;1,731225242;0,000208634;2,677811051;348,1708437;1765,815929;221,6416164;1544,174312
Indent 75;24,003;8,001;24,024;6,863;180,5111262;1,821093665;3,041359455;0,120263546;287,4084685;11,36490507;281392,0595;53885,65714;11990690792;563569901,6;178,1985066;0,007923395;0,876078142;0,063863351;3,640571352;-0,002052993;-13,47272032;0,983106822;9344764516;9065355,194;15,08954536;0,872906567;0,00044664;1,691222977;0,000103656;2,866741364;350,4700543;1667,419403;204,3077801;1463,111622
Indent 76;24,003;12,002;24,341;10,815;170,6562034;5,191659872;3,380537999;0,041601364;319,4608409;3,931328904;267410,5131;55916,86661;9790957253;580178923,9;145,0099264;0,087640177;10,21195428;0,921904954;3,505924945;-0,000428481;-2,520421136;0,34319382;6918287545;9816679,49;19,93733711;0,926184369;0,000242005;1,816348623;0,000453604;2,47545212;343,1053509;1822,425939;272,9447619;1549,481177
Indent 77;24,003;16,002;24,675;14,751;170,475875;1,66285049;3,521812109;0,149892799;332,8112443;14,16486954;264748,6525;50372,14222;9389892573;434021906,9;169,6665233;0,002772143;0,324631815;0,009331411;4,259467377;-0,002526573;-14,32201037;0,953947516;7342490400;7012639,531;14,90936867;0,876520633;0,000557618;1,674148838;0,00026398;2,574560721;342,2733147;1890,646459;274,0243878;1616,622072
Indent 78;24,003;20,003;25,092;18,704;189,1273022;1,966577498;3,991496495;0,188814697;377,1964188;17,84298888;290008,713;55566,00093;9894494086;500703373,4;186,8755262;0,007673206;0,810793992;0,051358964;4,896974708;-0,003085529;-15,44833959;0,900891348;7471951509;8255113,715;16,67313936;0,917000983;0,000725767;1,649588751;0,000192284;2,614658334;334,2894075;2147,225763;311,1778312;1836,047931
Indent 79;24,003;24,003;25,442;22,59;192,0197505;4,643335881;4,459420412;0,250920794;421,4152289;23,71201503;287317,1386;49134,81126;9077746611;221336637,4;213,4210066;-0,073785014;-7,652665734;0,840796199;5,713034722;-0,00432208;-19,30211525;0,987931851;8222469032;2948736,626;6,469167735;0,590989779;0,001013755;1,606051133;0,001306006;2,26125765;345,4716397;2339,425853;348,0247309;1991,401122
Indent 80;24,003;28,004;25,692;26,592;219,0158329;4,365299511;5,119903447;0,197645605;483,8308757;18,67750964;318867,3491;54806,32105;9842580733;156734969,1;239,3966965;-0,070569721;-6,441881136;0,854334968;6,114958067;-0,003445425;-13,45398027;0,993414814;9442408747;1385614,761;2,814513484;0,255489274;0,000803456;1,67106092;0,000223438;2,625220765;335,6846738;2683,204017;424,1944309;2259,009586
Indent 81;24,003;32,004;26,025;30,578;192,3269992;1,798199286;3,194249316;0,108073132;301,8565603;10,21291095;297371,4789;55157,39152;12706262434;483214162,7;191,3794926;0,003241101;0,335295792;0,010553928;3,737904495;-0,001859661;-11,58352825;0,961915502;10441606310;7746625,375;12,13027336;0,834930949;0,000525264;1,672596225;8,12024E-05;2,880191002;346,0955467;1761,799215;214,7270439;1547,072171
Indent 82;24,003;36,004;26,376;34,481;196,6213204;5,14436843;3,613421663;0,290018222;341,4683471;27,40672193;299783,5079;50324,52872;11683061828;472938407,4;220,7369574;-0,082556025;-8,361871989;0,84210026;5,069956082;-0,004986213;-27,48131391;0,966543462;9375770470;7898642,835;13,46421845;0,912065784;0,001492497;1,506275357;0,000125388;2,757162745;343,8642999;1965,799764;239,1402558;1726,659508
Indent 83;24,003;40,005;26,693;38,467;192,98695;1,967286859;3,103478182;0,076363475;293,2786882;7,216348379;300022,8675;56870,52944;13148007900;446269204,3;188,4459465;0,015471229;1,602394508;0,204819584;3,476989091;-0,001272554;-8,195965969;0,919683514;11045410421;7163563,424;10,89034745;0,853339066;0,00041325;1,711008684;5,49155E-05;3;347,1332858;1730,020082;207,0901555;1522,929926
Indent 84;24,003;44,006;26,993;42,47;198,1204634;1,974145068;3,511163487;0,090890148;331,8049495;8,589119002;300873,7826;55004,23141;12143594034;285407431,1;202,7125864;-0,015847432;-1,597971524;0,21196575;3,965151849;-0,001566715;-8,914121005;0,977355601;11037647965;3816623,66;6,278726497;0,588212344;0,0003613;1,752458823;4,22789E-05;3;339,9929203;1906,292465;253,0737243;1653,218741
Indent 85;28,003;44,006;30,962;42,245;193,9528733;2,1687757;4,101875432;0,387988375;387,6272284;36,66490139;294461,4325;53338,84542;10099001876;799220272,5;202,3608075;-0,028788586;-2,950485617;0,567968444;6,056502317;-0,006692601;-32,43260371;0,959102857;6063601434;13817124,57;27,19622337;0,96341891;0,002491138;1,435283351;0,001353489;2,255077783;352,9246719;2200,996162;278,2970941;1922,699068
Indent 86;28,003;40,005;30,645;38,384;219,1155164;6,52330453;5,556354831;0,433127493;525,0755315;40,93054813;311185,5998;51528,05618;9098244839;322396376;250,9002138;-0,112064831;-10,17767827;0,934247781;7,724001873;-0,007642577;-27,37173746;0,985613972;7639876771;5141838,186;11,24639408;0,80522122;0,001548266;1,563273209;0,00468976;1,962993893;347,0647244;2797,718566;403,2663539;2394,452212
Indent 87;28,003;36,004;30,378;34,514;180,7590389;2,23196344;3,347840301;0,224297774;316,3709084;21,19613966;282913,4701;53663,23732;10950832309;802360781;176,5999573;0,014110269;1,55841157;0,129732372;4,462726745;-0,003782409;-22,55540616;0,923079233;6922889982;13665360,5;24,91270382;0,941574614;0,00130166;1,51931831;0,000312665;2,571024137;349,2776551;1854,127301;223,9655199;1630,161781
Indent 88;28,003;32,004;29,986;30,687;195,1178759;2,401479738;3,371863852;0,063379763;318,641134;5,98938759;301335,3844;56954,27011;12323200298;343498969,6;191,5042644;0,012318165;1,261281623;0,086876321;3,653699241;-0,000960727;-5,692370421;0,758693156;10908563603;4822247,36;7,817881269;0,650751679;0,000351504;1,75272007;5,38265E-05;3;344,5258;1860,05261;235,5219896;1624,53062
Indent 89;28,003;28,004;29,661;26,743;193,3760869;3,428445903;3,950068876;0,027085718;373,2815088;2,559600381;293157,6544;58246,01407;10361038173;373399736,8;176,8093715;0,057172128;5,87579237;0,89649358;4,076086012;-0,000434888;-2,188052487;0,83108886;8530643920;6316733,994;12,11641574;0,922593167;0,000283616;1,814184145;0,000783136;2,339933061;342,0584509;2106,445458;323,0391435;1783,406314
Indent 90;28,003;24,003;29,378;22,857;182,438933;1,601180613;3,151581654;0,097593196;297,8244663;9,222557016;283807,248;52687,25217;11773110756;397857053,9;181,6459811;0,002712768;0,296404212;0,009304789;3,639084062;-0,001667794;-10,54880501;0,946690365;9862275292;6537159,22;11,06845813;0,875156995;0,000438738;1,701173922;0,000565142;2,471980906;350,7870122;1732,307732;206,1889512;1526,118781
Indent 91;28,003;20,003;28,994;18,937;170,2213182;3,483644768;3,384913602;0,064035657;319,8743354;6,051369556;264864,2472;53640,63287;9737919223;519485867,8;153,5026896;0,057482924;6,735107579;0,886885554;3,705851497;-0,001103467;-6,50176467;0,967235589;7162207721;8855955,399;18,13797856;0,946631525;0,000260231;1,80214055;8,36199E-05;2,787118088;335,6831958;1811,001555;256,0260387;1554,975517
Indent 92;28,003;16,002;28,744;15,018;202,5639286;5,889295413;4,401073545;0,44583832;415,90145;42,13172121;302989,3287;51761,11422;10108690894;562167877,4;230,2531697;-0,095046361;-9,358225849;0,88211178;6,600524471;-0,007549857;-34,21371479;0,971184989;7353197005;9458535,367;18,66161029;0,958727195;0,002385881;1,452996672;0,003729435;2,04073815;352,2620842;2334,506662;301,1484265;2033,358236
Indent 93;28,003;12,001;28,36;11,065;225,4557617;6,261406637;5,632002386;0,397190561;532,2242255;37,53450797;320384,8032;53563,26563;9402002174;281488937,1;255,8907862;-0,106786533;-9,418343068;0,93264443;7,6249434;-0,006992577;-24,68844874;0,993810677;8108389010;4538864,885;9,599448144;0,833678875;0,001286874;1,599289842;0,002447776;2,108716135;343,7714147;2845,725121;417,9153234;2427,809798
Indent 94;28,003;8,001;28,027;7,129;209,9738206;7,851600833;4,946827294;0,485764452;467,4751792;45,90474068;305842,0515;49876,5974;9534748203;370847524,7;248,2880544;-0,133266422;-12,68300408;0,968350361;7,346043794;-0,008345071;-33,71085982;0,992010054;7769458902;6140114,688;12,868674;0,921445521;0,001991208;1,500948044;0,001126649;2,278180547;345,2717254;2551,92242;349,645339;2202,277081
Indent 95;28,003;4,001;27,693;3,327;186,7181139;1,550148734;3,791962823;0,126017106;358,3404868;11,9086165;281136,2352;51922,23225;10177958737;311166243,8;188,8168528;-0,007322241;-0,783089439;0,071718959;4,39702428;-0,002110985;-11,11667318;0,901994505;8717848434;5094145,089;9,994576568;0,861490102;0,000469575;1,716432658;0,000926275;2,341695791;350,1075817;2019,294854;271,8012368;1747,493618
Indent 96;28,003;0;27,36;-0,559;206,8189629;2,121757145;3,477454074;0,0354076;328,61941;3,346018203;316000,6389;59890,68618;13171857419;286750608,3;201,7496161;0,017325933;1,671059534;0,221411406;3,612984784;-0,000463215;-2,657091941;0,568289677;12122880928;3585175,181;5,429364623;0,519051132;0,000250244;1,817748243;0,000124125;2,826243931;346,2662086;1905,631056;248,6483781;1656,982678
Indent 97;32,004;0;31,162;-1,009;197,9065041;1,814526816;3,163628116;0,145786741;298,9628569;13,77684703;305157,2794;56664,72348;13472554582;600722373,5;199,7952192;-0,006458968;-0,651622123;0,041928528;3,892028874;-0,002490962;-15,72079098;0,966069129;10571301380;9921613,568;14,70364849;0,9026661;0,000596975;1,64812974;6,92474E-05;3;352,3983387;1749,354097;193,429907;1555,92419
Indent 98;32,004;4,001;31,396;2,593;193,2100644;3,072062262;3,406624978;0,279432423;321,9260604;26,40636395;298053,6475;54682,43806;12053697634;774492940,9;203,419508;-0,034799266;-3,594337237;0,439619546;4,778626296;-0,004676517;-27,39534002;0,959595794;8276105105;12876063,71;21,31774736;0,946952436;0,001688913;1,475972668;5,24774E-05;3;347,7574149;1884,752871;226,1531862;1658,599684
Indent 99;32,004;8,001;31,746;6,396;186,5380786;1,947119349;4,281681501;0,223613692;404,6189019;21,13149386;281803,1489;51530,04005;9008669336;354055869,2;194,265008;-0,026596134;-2,839527677;0,622304613;5,392852883;-0,003824658;-17,7898935;0,975752303;7301075522;5877547,299;12,99363269;0,919178427;0,000946034;1,612242806;4,51189E-05;2,862277152;321,9301133;2261,390848;342,676883;1918,713965
Indent 100;32,004;12,001;32,113;10,232;181,349343;2,816717595;3,210309211;0,046625372;303,3742204;4,406097618;283134,0834;55321,13206;11436167700;432155857,7;170,1416828;0,038242835;4,200216711;0,61222271;3,411712686;-0,00068723;-4,263760717;0,721531746;9530402697;6502861,043;11,32560893;0,752010707;0,000231743;1,816093983;0,00013524;2,762190911;343,5268935;1749,514366;236,2454245;1513,268941
Indent 101;32,004;16,002;32,413;14,201;186,1742969;4,390500322;3,144635781;0,029247974;297,1680813;2,76393357;291678,958;59075,18298;12206663228;539203881,4;165,9664338;0,06868927;7,37194973;0,80815244;3,223382849;-0,000267672;-1,70077059;0,276539857;9663455467;8644708,419;14,15033018;0,848668717;0,000240225;1,808389985;5,94247E-05;3;347,8016455;1742,422099;225,0623346;1517,359764
Indent 102;32,004;20,003;32,68;18,187;183,5113537;3,468980456;3,578746875;0,014354886;338,1915797;1,3565367;282342,1611;56346,31451;10464211239;358393192,6;167,5075136;0,055046832;5,94572641;0,824952801;3,613102851;-0,000118171;-0,654508019;0,22201868;8813924748;5676327,869;10,75217943;0,821833018;0,000225989;1,83817802;0,000128664;2,751135664;358,7897855;1916,747112;265,4563577;1651,290755
Indent 103;32,004;24,003;33,063;22,139;195,0829166;2,179338655;3,502901597;0,127256303;331,0242009;12,02572062;298382,1143;53780,16403;11864636231;327572393,4;202,2364019;-0,024538263;-2,51116287;0,418178402;4,141258255;-0,002189725;-12,4799225;0,976661007;10439523174;4888498,097;8,225670812;0,734614875;0,000510935;1,69124898;0,002512592;2,155961275;354,590192;1908,840223;246,377154;1662,463069
Indent 104;32,004;28,004;33,38;26,025;177,9757316;1,410073021;3,856045348;0,171981739;364,3962854;16,25227437;272068,9274;51531,59595;9234021009;431283619;177,623201;0,001215022;0,136389197;0,002457566;4,707688671;-0,002935251;-15,207559;0,96415189;7166090007;7127274,434;15,4201672;0,90394249;0,000707116;1,646990379;0,000473394;2,467382114;344,0874251;2061,911956;296,8927392;1765,019217
Indent 105;32,004;32,004;33,647;29,878;231,5529413;3,026218973;5,239458471;0,331918022;495,1288255;31,36625311;334562,0883;60306,98784;10566678385;507271227,6;244,0524311;-0,043335019;-3,719270812;0,667569772;6,912677379;-0,005800955;-22,00301422;0,994389776;8110520576;8515359,261;16,01524534;0,917370701;0,00115714;1,609845124;5,354E-05;2,958335931;336,3339;2714,739137;395,007283;2319,731854
Indent 106;32,004;36,004;34,064;33,831;197,8269353;1,839693094;3,282421388;0,084835268;310,1888212;8,016932831;305803,9039;56610,86053;12959238050;368572993,3;197,5526804;0,000933523;0,094007869;0,000846346;3,689754818;-0,001386502;-8,414937159;0,877964729;11325553963;5560815,351;8,548378983;0,748202184;0,000422357;1,716171965;0,000987982;2,355479902;351,4835514;1811,556412;224,5356112;1587,020801
Indent 107;32,004;40,005;34,32;37,844;189,530863;2,236839275;3,211539678;0,103234655;303,4904996;9,755674851;292200,7687;53904,39225;12324548813;381471111,2;193,1990033;-0,012592303;-1,32767456;0,105887762;3,724164348;-0,001759781;-10,94994289;0,970893189;10762510498;5362297,649;8,694533716;0,660212164;0,000467146;1,693499332;5,3663E-05;3;345,5384624;1769,765113;225,6741524;1544,09096
Indent 108;32,004;44,006;34,687;41,814;178,5375696;2,67442225;2,905997653;0,063916119;274,6167783;6,040073213;280102,2726;54410,53159;12306391543;541408694,3;167,9895185;0,036081049;4,024970353;0,594230216;3,219592847;-0,001072695;-7,351809005;0,919577291;9747608896;8752665,35;14,16520113;0,853270189;0,000371018;1,718382369;7,99301E-05;2,905073466;347,657033;1613,570628;180,6473134;1432,923315
Indent 109;36,004;44,006;38,584;41,636;190,2652503;4,412366492;3,399316762;0,027683801;321,235434;2,61611917;293357,0612;59805,06311;11716750219;540931815,9;169,511898;0,071247366;7,482001046;0,856365797;3,527772614;-0,000440996;-2,592096952;0,833455297;9107440653;8957898,987;15,27592147;0,900724781;0,000274394;1,797015848;0,000209313;2,682447478;347,3153578;1865,263756;251,1483365;1614,115419
Indent 110;36,004;40,005;38,234;37,733;192,5642332;2,127761024;3,19669172;0,08014213;302,0873675;7,573431273;298268,4775;56935,55849;12719738917;495630040,8;185,6401598;0,023657961;2,452166911;0,404456757;3,594244745;-0,001358347;-8,481219383;0,939859283;10363374298;8051154,038;12,63363387;0,863304915;0,000379926;1,729746306;5,05336E-05;3;344,1940384;1763,822343;217,2507645;1546,571578
Indent 111;36,004;36,004;37,917;33,831;160,8919387;1,78346917;3,115142028;0,161580852;294,3809217;15,26939048;253816,4794;48012,45941;9615089471;531863183,1;159,4011515;0,005091053;0,629735215;0,026755393;3,913532245;-0,00272651;-17,41862878;0,934892905;7004250265;8916041,477;18,45454768;0,922723605;0,000654173;1,626302923;0,000245142;2,608832508;344,478755;1689,219532;217,4587158;1471,760816
Indent 112;36,004;32,004;37,6;29,978;183,4437578;6,423231073;4,127775095;0,499269004;390,0747464;47,18092091;278683,8873;46092,91303;9137573726;578730449;214,3290249;-0,105751391;-11,46027998;0,914384186;6,595556029;-0,008449701;-40,69465611;0,96622234;6290107745;9749745,324;21,21165011;0,957408983;0,003608577;1,368016002;0,001231534;2,251858035;348,790948;2191,445929;269,3348345;1922,111095
Indent 113;36,004;28,004;37,283;26,242;181,5937191;3,458936455;3,128340287;0,094253518;295,6281571;8,906957451;286555,2315;57211,31154;11770670614;571881471,6;170,274355;0,038248609;4,204591696;0,419392262;3,530242054;-0,001358043;-8,665797822;0,712042997;9025581147;9275773,124;15,73105759;0,902323942;0,000384625;1,724107855;4,94113E-05;3;343,3893958;1731,201176;229,9582282;1501,242948
Indent 114;36,004;24,003;36,949;22,223;209,4375456;2,412429511;3,812886531;0,172347178;360,3177772;16,28680835;315802,1898;57117,93153;12283955460;431768544,9;217,7592778;-0,028582163;-2,711612279;0,462481978;4,681694231;-0,002984043;-15,55027861;0,987678437;10279632158;6884131,154;11,13519782;0,837548867;0,000728947;1,642853395;0,000141326;2,7521094;344,2903816;2063,273532;260,1622762;1803,111256
Indent 115;36,004;20,003;36,666;18,337;175,3811619;3,283828196;2,997785835;0,086589357;283,2907614;8,182694203;277246,8201;54920,99228;11577035921;620696840,6;161,3081495;0,047784896;5,415536007;0,690415754;3,391444618;-0,001336668;-8,862508435;0,776977191;8484375232;10501125,44;18,02902381;0,933260496;0,000386703;1,715755162;0,000957644;2,360018977;351,6078094;1651,63804;206,1058255;1445,532215
Indent 116;36,004;16,002;36,349;14,368;170,7746722;2,038987742;3,199020991;0,226125085;302,3074836;21,36882054;269944,9638;50586,64791;10400149303;751840416,5;168,9700127;0,006107892;0,712172716;0,029027849;4,326413701;-0,003815674;-23,75043962;0,921099411;6593054307;12885158,72;24,66991539;0,950144454;0,001540237;1,482176043;0,001043356;2,321195477;350,9030812;1775,286839;213,7740246;1561,512815
Indent 117;36,004;12,002;35,965;10,532;191,2423506;1,948557329;3,641322097;0,069005355;344,1049382;6,521006049;294103,8089;57005,3944;11032720955;331272298,3;185,9217117;0,018175651;1,899820164;0,298195739;3,943685964;-0,001032895;-5,670267871;0,767881906;9599614716;4895584,89;8,870100383;0,74849133;0,000312889;1,783986145;6,44178E-05;2,878485186;335,7491098;1973,813876;292,6332335;1681,180643
Indent 118;36,004;8,001;35,632;6,562;189,1775836;4,260590099;3,382346963;0,039634596;319,631788;3,745469321;293726,6656;58756,0572;11657069694;396884610,3;169,3894872;0,067466897;7,10082399;0,810208414;3,320305165;0,00021153;1,245204345;0,09203396;9819933888;6263657,21;10,69858331;0,804789361;0,00021601;1,839078131;0,000889687;2,349036632;346,03168;1855,164306;265,6816824;1589,482624
Indent 119;36,004;4,001;35,332;2,81;210,3131518;3,764562068;4,945490059;0,455448987;467,3488106;43,03992931;306807,9596;55345,65487;9582383130;653109750,2;227,5698033;-0,060143351;-5,706185919;0,845179225;7,214226682;-0,007907063;-31,90292974;0,998052434;6391060799;11122483,37;23,16076815;0,960359163;0,001709121;1,527979272;0,001921086;2,193509674;354,1192744;2543,753435;334,2668982;2209,486537
Indent 120;36,004;0;34,981;-1,126;191,2168915;3,852027918;3,579079311;0,291696894;338,2229949;27,56535649;289695,7932;50726,66731;11265108156;602325615,7;208,5178885;-0,059919223;-6,242043969;0,795157395;5,03966809;-0,005058515;-28,15390125;0,988284537;8348721409;10100436,89;17,86042116;0,924096353;0,00120106;1,540559069;0,000118666;2,764794305;346,5990998;1916,870652;233,9951606;1682,875492
Indent 121;40,005;0;38,851;-1,56;195,5737697;2,213782854;3,573390499;0,125788297;337,6854022;11,88699408;299416,9825;56735,94231;11688269470;557892499,8;188,917416;0,022828372;2,328126157;0,33895078;4,202983822;-0,002159229;-12,05203428;0,939233642;8968693917;9326950,566;15,91591591;0,890912597;0,000596591;1,667918262;0,000281936;2,599255903;346,2468729;1956,100883;250,8699513;1705,230932
Indent 122;40,005;4,001;39,218;2,076;203,2603844;1,486841027;4,132588438;0,103309588;390,5296074;9,76275605;306991,2257;57626,82858;10771820527;301148079,2;202,6867846;0,001965029;0,193062062;0,005823747;4,634940185;-0,001720949;-8,316229299;0,925226654;9416291503;4643749,444;8,609152618;0,792813445;0,00043703;1,745510471;0,002184566;2,140413892;348,2306127;2215,680646;320,4161875;1895,264459
Indent 123;40,005;8,001;39,534;5,845;188,8081064;2,244751043;3,460474586;0,159604286;327,0148484;15,08260502;291854,4355;55772,00131;11381653323;620246362,9;184,7394688;0,013890336;1,464238446;0,126522822;4,246808447;-0,002684545;-15,44026474;0,934828756;8393392497;10201927,32;17,84007096;0,893955207;0,000716135;1,63009958;0,000896747;2,358872833;350,0978338;1891,627741;239,0037919;1652,623949
Indent 124;40,005;12,001;39,885;9,781;190,9006827;3,778166933;4,372874909;0,327603931;413,2366789;30,95857151;287072,8311;50690,44297;9186545102;430216120,9;207,7737126;-0,058054244;-6,060510563;0,79035348;5,997457826;-0,005589626;-25,47407626;0,974502718;7143392932;7029777,978;15,25007986;0,893769574;0,001562496;1,526608788;0,001765564;2,17951703;346,3110858;2308,262211;323,6696704;1984,592541
Indent 125;40,005;16,002;40,268;13,55;172,8925886;7,294249387;3,252811586;0,037999384;307,3906949;3,590941762;270676,3121;59747,80759;10398274211;645866304,4;136,4876388;0,124928678;14,41154944;0,960898673;3,07233009;0,000619348;3,797522807;0,870222274;7216085724;10920124,97;20,94552501;0,936449759;0,000146135;1,899607121;2,83024E-05;3;329,1562453;1767,586839;261,8560101;1505,730829
Indent 126;40,005;20,003;40,585;17,403;200,5759962;7,337969727;4,460043629;0,510585923;421,4741229;48,25036976;298219,738;49762,8967;9821858996;558089591,9;235,4879814;-0,120446691;-11,99287782;0,928953672;6,955465582;-0,00860923;-38,55073888;0,980273145;7153404524;9206194,055;18,7194862;0,938228336;0,002593393;1,438177675;4,72346E-05;3;342,6777923;2338,924967;291,1739325;2047,751035
Indent 127;40,005;24,003;40,885;21,389;169,4569762;5,739591125;3,232950821;0,057231043;305,5138526;5,408333541;267278,489;56038,04249;10105678207;456494561,4;141,2126431;0,096222677;11,30133325;0,911280916;2,97906487;0,000864938;5,324727421;0,74056905;8011870964;7133173,864;14,04847043;0,791687369;0,000149219;1,895383315;0,000319742;2,526179979;342,0984434;1760,710359;265,4489509;1495,261408
Indent 128;40,005;28,004;41,236;25,292;191,7529545;1,829588303;3,652213862;0,169016399;345,13421;15,97204967;294873,0391;54150,59146;11062015333;411912107,6;196,7928643;-0,017182232;-1,790248064;0,295903342;4,459712466;-0,002752952;-15,05976137;0,890096229;9136129885;6565794,357;11,85847129;0,852438147;0,000694127;1,644243817;0,000898106;2,34023864;347,0111183;1993,285338;268,9980699;1724,287268
Indent 129;40,005;32,004;41,569;29,244;181,133572;3,281283852;3,161472038;0,022931606;298,7591076;2,167036802;284064,3132;55324,899;11584381841;352430780,6;166,8892687;0,04844186;5,335041079;0,699852784;3,172467798;-3,73943E-05;-0,235956204;0,008538732;9997276255;5397410,137;9,294552007;0,75314023;0,000224029;1,821105651;5,27397E-05;3;343,6025694;1742,515845;237,8084243;1504,707421
Indent 130;40,005;36,004;41,936;33,163;195,5958364;7,411044412;4,691538241;0,540054724;443,3503638;51,03517145;289588,2974;47032,32545;8949240552;485021688,5;231,7294568;-0,125011887;-12,69619139;0,939632486;7,378258961;-0,009295277;-39,35762221;0,978280529;6578048448;8203639,613;18,20967299;0,944724245;0,002860976;1,42781063;0,003420301;2,033727908;347,8895784;2419,2961;322,4205271;2096,875573
Indent 131;40,005;40,005;42,253;37,099;162,809349;1,580907941;2,857182788;0,108834771;270,0037735;10,28488587;259732,1855;47894,89517;10685876968;413052467,7;162,7280006;0,000275617;0,033747304;9,91289E-05;3,391106352;-0,001808987;-12,62148328;0,9010274;8690777337;6759600,073;12,61025162;0,873441642;0,000504298;1,660013288;0,00055502;2,464186564;351,4032131;1579,243392;195,2322409;1384,011151
Indent 132;40,005;44,006;42,553;41,186;196,8431004;1,943125633;4,294736641;0,15672813;405,8526126;14,81080824;294902,4399;53416,94502;9825876367;304228927,1;202,2990335;-0,018847578;-1,91056327;0,304144562;5,080482966;-0,002714369;-12,61125784;0,969649011;8493427683;4602957,814;9,347420514;0,74002044;0,000650266;1,68004456;0,00115384;2,27121927;345,7022742;2282,711018;333,4008296;1949,310189
Indent 133;44,005;44,006;46,317;40,958;174,9155607;2,242746105;2,930287588;0,050852278;276,9121771;4,805540299;275682,9843;53325,61935;11779903334;428078088,7;166,073767;0,030136445;3,432622074;0,593695998;3,18011732;-0,000851522;-5,789591712;0,92195772;9748214380;6924825,975;11,71195928;0,86042304;0,00032779;1,741277737;0,000142966;2,803364629;351,8561486;1624,916832;201,0251555;1423,891676
Indent 134;44,005;40,005;45,917;37,088;187,3890968;3,1152533;3,319283398;0,07869176;313,6722811;7,436371309;289726,0198;57089,87971;11701418786;575107725,4;174,7921736;0,043203136;4,598708194;0,633685294;3,707501908;-0,001331457;-8,001061221;0,943246831;9013801703;9217606,797;15,71247349;0,846384644;0,000347445;1,750641787;0,000239512;2,671503866;347,7285842;1810,624997;233,32489;1577,300107
Indent 135;44,005;36,005;45,65;33,197;193,544712;4,492549444;4,072686988;0,045291198;384,8689204;4,280018219;291816,3647;58914,7027;10061318358;343069451,5;172,2855959;0,073667552;7,57268738;0,856707051;3,948214822;0,000431324;2,107062162;0,288964532;8494612162;5428984,452;10,73541418;0,797882041;0,000202155;1,878421051;0,003469335;2,031026636;345,7930788;2159,807426;343,6812752;1816,126151
Indent 136;44,005;32,004;45,338;29,405;169,3123325;3,873335009;3,067383128;0,040530607;289,8677056;3,830142388;266917,5045;54601,02977;10642592143;511410186,9;151,2694992;0,061620632;7,245154649;0,841138626;3,229876603;-0,000554954;-3,60163267;0,623065716;8134123669;8567025,449;16,02480464;0,932624392;0,000258105;1,78987599;2,98894E-05;3;332,8102108;1677,728436;228,3444257;1449,38401
Indent 137;44,005;28,004;44,938;25,503;177,7286891;3,514796128;3,857009185;0,263685589;364,487368;24,9182882;270253,8154;47668,6963;9216864885;376411049,9;193,4256623;-0,05425135;-6,073276539;0,795885178;5,168658656;-0,004533279;-23,38469938;0,987373902;7447905168;6113818,933;13,19773482;0,881312676;0,001233438;1,547636193;2,06511E-05;3;324,5075294;2046,996022;282,5059228;1764,490099
Indent 138;44,005;24,003;44,627;21,634;165,9925809;3,169324542;3,138101744;0,048442743;296,5506148;4,577839203;262230,8843;52545,71281;10054400711;455110234,3;151,8897927;0,04803939;5,77435044;0,762753023;3,350185816;-0,000722438;-4,593332289;0,738356416;7904634752;7322909,766;14,53188074;0,859521137;0,000277626;1,780061024;0,000102407;2,813303522;343,3067427;1715,225698;229,478848;1485,74685
Indent 139;44,005;20,003;44,338;17,687;177,9843181;2,791085799;3,118414688;0,057466034;294,690188;5,430540189;280401,6292;54256,88671;11403530903;431868430,6;166,5686548;0,038724821;4,316348337;0,623166149;3,341639457;-0,000757235;-4,817321013;0,562095671;9355399011;6947782,133;12,08692004;0,83783953;0,000314127;1,759171367;4,04861E-05;2,987240797;336,6338142;1708,444339;228,5732557;1479,871083
Indent 140;44,005;16,002;43,982;13,839;194,2638696;4,298002604;4,114439919;0,067220601;388,8145723;6,352346803;293185,6734;58992,97987;10020120405;244407527,2;174,2493642;0,06918125;7,119523712;0,841432138;3,795499114;0,001102437;5,356701859;0,873530571;9056397269;3331162,552;6,646262018;0,603306681;0,000153864;1,928298363;5,25477E-05;2,92153274;332,6698798;2193,238597;351,7773229;1841,461274
Indent 141;44,005;12,001;43,604;9,892;200,5562063;3,982936888;4,213521567;0,267551618;398,1777881;25,28362794;300044,3193;52358,94065;10346786098;357821848,6;219,0903146;-0,06395972;-6,312296672;0,857647122;5,54609233;-0,004598595;-21,60214474;0,982511153;8672509923;5777792,704;11,05282868;0,867146703;0,000982925;1,603129287;0,001229349;2,252746609;345,3900335;2209,886641;310,254467;1899,632174
Indent 142;44,005;8,001;43,293;6,057;206,6513189;6,42192876;3,471426581;0,084177735;328,0498119;7,954795954;316846,3991;65095,38426;13173742143;454499296,9;176,1762801;0,104168276;10,06451345;0,852894086;3,064046107;0,001392488;8,009011596;0,887040565;11473220137;5812640,505;8,809673155;0,530194986;0,000143504;1,916957314;0,000315909;2,596707156;348,4265024;1922,572177;265,639092;1656,933085
Indent 143;44,005;4,001;42,981;2,304;181,1144482;4,380116385;3,298604837;0,034523313;311,7181571;3,262453119;283362,6602;57066,08427;11100145251;392815523,2;160,1260817;0,071448845;7,875412626;0,86010882;3,200662565;0,000333416;2,017844319;0,301496883;9245121180;6314894,868;11,35713171;0,835389932;0,000218156;1,832993039;3,57034E-05;3;335,4645383;1817,593546;261,0449365;1556,548609
Indent 144;44,005;0;42,648;-1,543;200,5312379;5,735079471;4,464144835;0,533706557;421,8616869;50,43526961;298892,2408;51504,22973;9831823836;744954256,7;227,2662379;-0,092155402;-9,118087779;0,862949935;7,109204464;-0,009117506;-40,52311348;0,975371276;6156868485;12667551,47;25,56369302;0,966382432;0,003044151;1,410259327;2,28701E-05;2,999999998;325,8813564;2330,989539;297,5478683;2033,44167
